Feature 1,Feature 2,Feature 3,Feature 4,Feature 5,Feature 6,Feature 7,Feature 8,Feature 9,Feature 10,Feature 11,Feature 12,Feature 13,Feature 14,Feature 15,Feature 16,Feature 17,Feature 18,Feature 19,Feature 20,Feature 21,Feature 22,Feature 23,Feature 24,Feature 25,Feature 26,Feature 27,Feature 28,Feature 29,Feature 30,Feature 31,Feature 32,Feature 33,Feature 34,Feature 35,Feature 36,Feature 37,Feature 38,Feature 39,Feature 40,Feature 41,Feature 42,Feature 43,Feature 44,Feature 45,Feature 46,Feature 47,Feature 48,Feature 49,Feature 50,Feature 51,Feature 52,Feature 53,Feature 54,Feature 55,Feature 56,Feature 57,Feature 58,Feature 59,Feature 60,Feature 61,Feature 62,Feature 63,Feature 64,Feature 65,Feature 66,Feature 67,Feature 68,Latitude,Longitude
7.161286,7.835325,2.911583,0.984049,-1.499546,-2.094097,0.576,-1.205671,1.849122,-0.425598,-0.105672,1.728885,1.788986,0.849798,-1.109353,0.537904,-0.115368,5.069512,6.00771,0.820869,0.89619,0.131699,0.859286,2.059065,0.266773,1.192932,-1.421091,2.128661,-1.288109,1.458738,-0.734508,-0.092678,-0.571314,-0.142634,2.748619,3.099077,0.31727,-0.13058,2.048282,-0.173489,0.324616,-0.300817,0.471089,-0.538577,-0.979124,-0.679165,0.135963,-1.094049,-0.072197,-0.752002,-0.660715,1.319729,1.094839,-0.937659,-0.895371,-0.734962,0.441859,0.389178,-0.944584,-0.04361,-1.504263,0.351267,-1.018726,-0.174878,-1.089543,-0.66884,-0.914772,-0.83625,-15.75,-47.95
0.225763,-0.094169,-0.603646,0.497745,0.874036,0.29028,-0.077659,-0.887385,0.432062,-0.093963,0.029105,0.407297,-0.034418,-0.000607,-1.587712,-0.134767,0.67905,0.867759,0.549205,-0.357172,-0.578459,0.293603,-0.369997,-0.360397,-0.088276,-0.68448,-0.420736,0.263,0.074617,0.277973,0.468588,0.978996,0.586847,0.760345,1.400111,0.943587,-0.402494,0.058298,-0.221967,-0.302481,-0.539966,0.179847,-0.634147,-0.252916,-0.441251,-0.342925,0.628843,0.212837,-0.038171,-0.44029,-0.157062,1.627259,1.989545,-0.357803,-0.176835,0.406589,-0.623764,-0.653021,-0.082645,-0.947933,-0.495712,-0.465077,-0.157861,-0.157189,0.380951,1.088478,-0.123595,1.391141,14.91,-23.51
-0.692525,-0.517801,-0.788035,1.214351,-0.907214,0.880213,0.406899,-0.694895,-0.901869,-1.701574,-0.903893,-0.791393,-1.667463,-0.334004,-0.151747,1.210807,1.045059,-0.672476,-0.463102,-0.747421,0.069946,0.305318,0.551537,-0.705611,-0.301218,-0.365297,0.062184,0.366565,0.870098,1.483239,0.61404,1.568182,1.743709,1.388536,-0.694375,-0.285767,-0.291778,-0.274901,-0.351297,0.43917,-0.663293,0.056928,0.801809,0.326462,0.579646,0.991642,1.612214,0.472009,1.060355,1.070834,0.408001,-0.654047,0.264883,-0.421474,-0.405171,0.170239,0.06726,-1.198657,-0.797954,-0.556109,-0.637167,0.14726,0.217914,2.718442,0.972919,2.081069,1.375763,1.063847,12.65,-8
-0.735562,-0.684055,2.058215,0.716328,-0.011393,0.805396,1.497982,0.114752,0.692847,0.052377,0.024625,0.429205,0.576029,0.400389,0.519513,0.509497,1.303073,-0.055956,0.001966,2.255016,0.332082,-0.051894,0.376492,1.169377,-0.733187,0.672438,0.979776,0.390647,-0.519658,-0.675643,0.292994,0.349806,-0.058874,-0.521205,1.658281,1.254224,2.535289,0.53778,0.19026,-0.156088,0.707729,-1.073155,-0.428863,-0.663483,-0.304159,-0.203572,-0.200971,1.212091,1.193691,0.609952,-0.296156,2.301748,2.547275,1.485531,-0.179182,0.112038,0.983122,0.788367,-0.805626,0.166616,-0.178325,-0.065059,-0.724247,-1.020687,-0.75138,-0.385005,-0.012326,-0.392197,9.03,38.74
0.570272,0.273157,-0.279214,0.083456,1.049331,-0.869295,-0.265858,-0.401676,-0.872639,1.147483,-0.287746,1.824638,-0.861848,-0.229361,-0.966604,0.278767,0.060231,0.035642,-0.044704,-0.718237,-0.733049,-1.136788,-1.301985,-0.312192,-0.671557,-0.57933,-0.772117,-0.371718,-0.48382,0.068485,0.682731,0.867177,0.769446,1.226698,0.557925,0.175588,-0.324638,-0.089385,-0.186612,-0.415299,1.094179,0.298009,-0.479234,0.239411,-0.388596,-0.013394,0.517086,0.120622,0.31707,0.287059,0.607333,0.984157,0.279686,-0.784654,-0.078594,-0.250279,-1.169305,-0.052781,-0.180181,-0.500785,-0.919463,-0.667912,-0.820172,-0.190488,0.306974,0.119658,0.271838,1.289783,34.03,-6.85
0.059217,0.034537,-0.703441,0.188652,-0.270353,1.420526,0.467766,0.209594,-0.496505,1.239908,0.241493,-0.258381,1.944521,-1.037235,0.250967,-0.106169,0.012665,1.208937,1.136594,-0.499356,-0.812315,0.707096,0.155801,0.451774,0.854111,1.211973,0.227121,-0.626188,-0.094155,-0.057997,-0.074075,-0.289063,-0.685688,-0.422618,1.791713,1.39226,-0.166716,0.290893,0.28494,1.040583,0.056155,1.119458,1.65977,-0.302015,0.164696,1.381299,-0.241382,0.089011,-0.454603,-0.398362,0.224597,2.949133,2.85651,0.03953,-0.196953,0.526687,1.241737,0.728226,1.404666,1.428818,0.501017,-0.354263,0.445184,0.060328,0.075293,-0.170387,-0.506187,-0.00847,12.65,-8
-0.280628,-0.310082,-0.756816,0.839033,-0.19667,1.153469,-0.473974,1.491603,-0.105328,1.365001,-1.786353,-1.681866,-1.83653,-0.074443,1.324338,-1.292025,-0.498635,0.234003,0.192691,-0.503408,0.841805,1.107755,1.071172,1.600782,0.542038,2.716828,2.359561,0.543736,3.124184,2.729691,-0.308099,0.783713,-0.401309,-0.57936,1.255379,0.895717,-0.546966,-0.175978,-0.264429,0.537875,0.639666,0.304387,0.219421,0.525801,-0.166239,0.17712,0.788395,-0.951622,-0.827131,-0.883213,-0.777565,2.174149,2.342965,0.119812,-0.726718,-0.25813,0.032481,0.606023,0.036321,1.34057,0.473937,-0.433843,0.813016,1.101685,-0.936123,-0.280096,-0.995073,-0.872726,12.65,-8
-0.50384,-0.63308,-0.142764,-0.065937,0.259608,0.338967,-0.196791,1.638602,0.93385,0.415837,1.030814,0.066638,0.110161,-0.33842,0.25071,-0.393713,-0.464238,0.204039,-0.070484,0.724351,-0.287228,-0.060067,-0.014404,0.306607,-0.074772,0.058382,-0.234756,-0.36806,0.106773,0.030839,-0.355673,-0.19157,-0.707671,-0.602817,0.562453,0.416244,0.431276,-0.01092,0.670835,0.520563,0.455719,-0.256288,0.379334,-0.610514,-0.405134,0.210483,-0.30205,-0.584585,-0.474667,-0.446593,-0.8445,1.729984,1.262536,1.61191,-0.19997,-0.519394,0.322186,0.257511,0.398013,-0.297578,-0.435378,-0.315558,0.329131,-0.136452,-0.123053,-0.392567,-0.636443,-0.426214,14.66,-17.41
0.358054,0.224749,-0.418566,0.010736,0.160657,-0.046321,-0.302215,0.53456,-0.561671,-0.335905,-1.521909,1.397751,-0.698096,-1.014879,-0.043816,-1.296258,-0.250795,0.301849,0.339704,-0.675542,-0.277438,0.133157,-0.316026,-0.618837,-1.232046,-0.547585,-0.634372,-0.921439,-0.797222,-0.803877,-0.343827,-0.534766,-0.465054,-0.882002,1.127116,0.749075,-0.566006,0.556556,-0.465549,-0.420091,-1.003737,-1.167636,-0.948876,-0.898707,-0.760429,-0.723658,-0.411123,-0.354424,-0.771981,-0.82892,-1.039404,2.02009,2.130913,-0.54381,-0.2449,0.229601,-0.442777,-1.032297,-0.976285,-1.041671,-0.899664,-1.127195,-1.116885,-1.043855,-0.922181,-0.870768,-0.834012,-0.929364,52.5,-0.12
-0.905772,-0.576675,-0.715466,-0.60378,0.247513,1.131966,-0.389026,0.129503,1.017126,1.191,0.341688,-0.428769,0.069222,-0.681996,1.290348,-0.145094,-0.89865,-0.862128,-0.48049,-0.806471,-0.406467,0.354059,-0.665856,-0.932781,-0.585612,-0.004336,-0.534425,-0.328952,-0.750312,-0.799325,-0.844569,-1.07144,-0.914841,-1.022768,-0.662961,0.308584,0.204624,-0.842376,0.871609,1.284289,-0.038567,-0.656155,0.106748,0.217741,-0.259326,-0.617619,-1.066196,-0.716968,-0.514969,-0.836516,-0.866487,-0.697108,0.453316,-0.207131,0.091736,0.968344,0.102125,-0.224016,-0.048418,0.033324,-0.425955,-0.304674,-1.111613,-0.937458,-0.584648,-1.092478,-0.971362,-0.999936,41.26,69.21
2.834796,2.245864,1.170607,-0.246254,-1.352507,-2.369317,2.48075,-0.391462,-0.133333,-0.363592,-0.305596,-1.594865,-0.134674,0.373479,1.029952,1.023386,1.462987,1.68197,1.539295,0.661773,-0.404155,-0.307166,0.554804,1.165859,0.278173,0.213137,1.014698,2.121636,1.237162,0.045092,-0.292814,-0.17709,0.022118,0.353721,3.567926,1.559539,0.439985,-0.054076,0.312897,3.887376,0.975458,1.427704,-0.015619,3.699058,3.354002,0.589308,0.350348,-0.432713,0.251023,0.969021,0.057635,0.438852,-0.918097,0.200529,-0.223106,-0.735946,0.8288,1.033002,-0.045136,-0.166688,0.415406,1.356588,0.359803,-0.638684,-0.014176,-0.067999,-0.348222,-0.24027,41.26,69.21
0.166401,-0.092392,-0.168411,0.528951,0.938844,-0.666654,0.162325,0.48118,0.216269,0.383661,0.415766,0.082902,-0.306643,-0.521139,-0.458459,-0.284271,-0.621623,0.464581,0.354073,0.595112,-0.11034,0.530374,-0.500604,1.058951,-0.129792,-0.231145,-0.357787,-0.260211,-0.002969,0.258025,-0.083526,-0.46414,-0.151682,-0.145981,0.931976,0.62007,-0.472399,-0.057439,-0.445602,-0.746246,-0.831348,-0.946463,-0.98324,-0.652648,-0.868869,-0.549396,-0.848974,-0.431176,-0.68684,-0.439471,-0.674172,1.574401,1.669462,0.812236,-0.352529,0.337509,-1.262749,0.16633,-1.082827,-1.044221,-1.275752,-0.995681,-0.710491,-1.115228,-1.024564,-0.68566,-0.516244,-0.751553,41.9,12.48
1.816623,2.314939,0.320243,-1.506632,-1.401168,-0.443857,-0.198815,-0.605441,-1.023288,1.349803,-0.381358,0.896502,0.109724,-0.138158,0.848028,1.513742,-0.420469,0.280107,0.309456,-0.703351,-1.4028,-1.453902,-1.334807,-1.343036,-1.174618,-0.87217,-0.812623,-0.590866,-1.207514,-0.986371,-0.903471,-0.969917,-0.501116,-0.837911,4.473582,4.402149,1.645095,0.032797,2.304181,0.21135,-0.513749,-0.218238,0.850746,0.888488,1.10227,-0.442413,0.612427,0.0904,0.039,0.147679,-0.007007,1.934789,2.150802,-0.553887,0.284865,-0.150924,0.116311,-1.366087,-0.889309,-0.601985,-0.325375,-0.434823,-0.873712,-0.278122,-0.806671,-0.610461,-0.483943,-0.381068,28.61,77.2
0.408663,0.310245,-0.348831,-0.036002,0.670316,-0.301304,-0.625013,0.498223,0.267789,-0.878057,-0.000644,0.099317,-0.152029,1.154452,-1.118209,1.038318,-0.074337,0.298926,0.467397,-0.634768,0.761995,0.584488,-0.322004,-0.603692,-0.842209,-0.760446,-0.283138,-0.670069,-0.03113,-1.05218,-0.166154,0.450834,-0.352735,-0.435296,1.004182,0.777809,-0.669449,0.71713,-0.019573,-1.104031,-0.891788,-1.137722,-1.20939,-0.796631,-0.926801,-0.989849,-0.912343,-1.041048,-0.555346,-0.724091,-1.148223,2.162298,2.302283,-0.272295,-0.405841,0.087564,0.624866,-1.32236,-1.163757,-1.179969,-0.767803,-0.831026,-0.802506,-1.015261,-0.627195,-0.618322,-0.703001,-0.746651,33.66,73.16
-0.335598,-0.342826,-0.813587,0.480236,0.396853,-0.84053,-0.916457,-2.690871,-5.281537,-5.593823,-0.250353,2.127152,1.557309,1.169599,-0.942691,-1.268196,2.189773,-0.976077,-0.989452,-0.893772,0.216378,-0.892049,-0.298104,-0.808163,-0.204905,0.014142,0.659131,3.202406,2.270745,1.277401,2.719877,1.576198,3.675778,0.072887,-0.745945,-1.237239,-1.279794,0.618207,-0.974029,-0.83942,-0.520347,1.590612,1.871461,4.19312,5.168508,3.338359,2.036214,1.643742,3.307745,3.304175,1.064956,-0.686548,-1.04839,-0.891219,-0.5299,-1.025509,-1.293545,-0.810051,0.904192,2.324242,1.51928,5.010311,5.184758,2.27007,3.464564,1.421777,4.781774,0.307364,54.68,25.31
-0.289956,0.05392,-0.182638,-0.248795,1.034917,-0.235852,-0.108221,-0.755215,-0.172411,0.122527,1.031463,1.858341,-0.068947,-3.29333,-2.705601,0.276273,0.469756,-0.463944,-0.030395,-0.155666,0.238947,0.440913,0.468462,-0.600577,-0.629412,-0.556102,-0.514601,1.678163,1.879864,0.11656,2.534516,1.249474,1.408006,-0.47228,-0.401385,0.724333,0.71588,0.756083,0.450997,-0.154278,-0.111709,-0.25007,-0.231031,-0.915577,0.199305,0.866806,-0.966264,0.518204,0.630246,1.207495,-0.171448,-0.651055,0.347036,0.74645,-0.397794,0.29415,0.92255,-0.967615,-1.100303,-0.751437,-0.685135,0.929396,0.646915,-0.096441,2.055288,0.495983,0.255458,-0.353498,44.41,26.1
-0.653092,0.102789,-0.364969,0.130759,-0.979429,0.63726,0.074198,0.139111,0.228952,-0.283815,-1.122621,0.057079,0.437997,1.914875,0.255395,-0.808074,-1.603465,-1.091671,-0.453322,-0.781381,0.622361,2.143432,0.738241,0.244063,-0.241928,0.000331,1.758778,0.966494,0.287002,-0.013792,4.689995,3.705892,-0.379895,-0.524327,-0.308824,0.980389,1.427939,-0.235107,1.29221,1.505312,0.332601,-0.46007,1.829722,4.725548,1.957283,1.098716,0.079183,2.920049,1.955079,0.605915,0.71849,-0.847529,0.285393,0.14227,-0.018241,1.898708,0.314478,-0.284845,-0.085761,-0.137415,2.5362,2.738165,0.211665,0.030095,2.904609,3.00524,0.70089,-0.336016,44.41,26.1
1.408058,1.221156,0.51058,-2.147835,1.025566,-1.602165,-1.412918,0.032037,0.21879,-0.16964,-1.729427,0.975385,-2.68964,0.047101,-1.70757,-2.653819,0.024189,-0.684657,-0.887297,-0.739264,-0.766631,-1.314055,-1.988273,-1.290292,-2.585651,-2.478489,-0.407715,-2.67485,-1.373013,-0.499953,1.513488,-0.057343,0.243808,-0.083892,0.126053,-0.93937,0.912236,1.080314,2.180155,-1.392069,0.872749,-1.419567,-0.707608,0.793565,-0.142422,0.13557,1.375151,1.878511,0.607254,1.265709,0.705976,-0.645599,-1.590751,-0.483777,-0.197288,-0.136478,-0.664819,0.207475,-1.20345,-0.402376,2.831832,0.395397,0.447366,0.580725,3.42776,1.088179,1.558166,0.962016,52.5,-0.12
-0.297982,0.007223,-0.29322,-0.321797,0.570778,0.200308,0.309072,-0.96686,-0.765954,0.282643,-0.480574,0.550611,-0.643941,0.223954,-0.650946,-0.523167,-1.020654,-0.342808,-0.167989,-0.211913,0.364305,1.423632,0.913199,0.379544,0.734644,0.357251,-0.534674,-0.294651,-0.470594,-0.326516,-0.579515,-0.422606,-0.207812,0.928541,-0.303374,0.629865,0.179917,0.08408,1.061294,1.636774,-0.079199,0.173546,1.047377,-0.390216,0.041524,-0.242853,0.217772,-0.173377,-0.283178,0.007334,0.901909,-0.584879,0.057464,0.453504,0.161477,-0.286002,0.68163,0.099115,0.785847,0.483962,0.275738,0.708311,-0.149901,-0.302118,0.143451,0.051309,0.403782,2.141192,44.41,26.1
-0.259215,-0.016307,-0.469867,-1.164638,0.355255,-0.305824,-0.414179,0.476125,-0.313978,-0.231573,-1.457465,-0.709127,-0.427116,-1.76241,-1.290911,-0.529342,-0.56163,-0.552741,-0.364389,-0.756974,-0.589608,-0.417023,-1.135847,-0.732902,-0.610322,-0.738172,-0.024776,-0.846625,-0.286634,-0.290173,0.639327,0.365651,0.592047,0.49505,-0.442978,0.586099,0.205627,-0.729722,0.503166,0.093178,-0.271616,0.086896,-0.558365,-0.350713,-0.722,-0.337902,-0.556144,0.3077,0.831215,0.460309,1.478971,-0.529967,0.115322,-0.595941,0.187294,0.710135,-0.825881,-0.573637,-0.359577,-0.487349,1.25811,-0.363974,-0.211768,-0.391673,0.198726,1.354098,0.166626,1.35591,44.41,26.1
0.423201,-0.021046,0.039721,-0.176358,0.461363,-0.910318,0.045498,-0.207033,0.20416,0.855065,-0.94873,0.057739,-1.239894,-2.553978,0.385915,-0.119612,1.392977,-0.106018,-0.337402,-0.457669,-0.445896,0.654793,-0.230594,-0.534771,-0.079596,-0.082245,0.080981,0.266623,0.590584,0.466102,0.754884,0.75722,2.552448,2.305454,-0.111721,-0.950552,0.190495,0.399904,2.929461,0.582119,-0.973168,-0.470246,-0.503804,-0.329601,-0.00023,0.008369,1.056889,1.211418,0.804263,0.936865,2.041143,-0.702212,-1.701551,-0.36505,0.023671,3.220879,0.325672,-0.671405,-0.589838,0.585605,0.021848,0.766841,0.013443,0.261531,0.199648,1.073681,0.952872,1.348816,44.41,26.1
-0.162056,0.055434,0.261841,-0.9301,0.135137,-0.652575,-0.511935,-0.6007,0.111859,0.310616,0.277425,-0.013952,0.888363,-0.057846,0.620991,-0.285095,1.204538,-0.36717,-0.176382,0.736991,-0.271456,-0.806174,-0.748163,-1.30907,-1.033618,-1.172366,-0.677778,-0.797449,0.362531,0.789597,0.422352,0.020164,-0.115945,0.035067,0.053527,0.791624,0.382542,-0.272939,0.755092,1.258332,-0.586692,-0.206672,0.055266,1.869674,0.533165,1.515005,2.208237,2.392891,0.285096,1.328766,2.1028,-0.543461,0.009268,1.9289,0.031718,0.085713,0.167037,-0.781916,-0.47317,-0.479444,-0.28166,0.002011,2.459978,2.899313,3.06001,1.210535,1.168686,0.68652,44.41,26.1
-0.478641,-0.120857,-0.579869,-0.700363,0.5875,0.190436,-0.205028,-0.615283,-0.210278,0.53856,-0.778032,0.101447,0.230749,-0.050601,-0.077129,-0.734427,0.047783,-0.745133,-0.339756,-0.705429,-0.451742,0.669939,-0.244712,-0.612518,0.68195,-0.123588,-0.124756,-0.093096,0.105076,-0.97252,-0.163659,0.132567,-0.325354,0.053765,-0.457523,0.555185,0.202894,-0.7513,0.479381,0.160403,-0.32206,1.07878,-0.776128,-0.286922,0.346666,0.380314,0.929118,0.371515,-0.583016,0.139751,-0.52985,-0.839727,0.433654,-0.101063,0.092071,0.862443,0.309001,-0.638806,0.694575,0.347274,-0.627556,-0.374578,0.132777,-0.433693,-0.227324,0.116867,-0.450768,-0.440622,44.41,26.1
-0.154697,0.151264,-0.37143,0.680462,1.141912,-0.07324,-0.648382,-0.444531,-0.171143,-0.267857,-0.661321,-0.485826,-0.520944,0.19929,0.013959,0.786355,0.570942,-0.389277,-0.056537,-0.609311,0.513184,0.203752,0.198541,-0.505862,-0.116862,0.056493,1.027493,1.178407,1.916329,2.297691,1.816125,2.808833,2.370871,2.15833,-0.581659,0.734269,0.290494,0.131159,0.366601,-0.065905,-1.335293,-0.515812,-0.204213,-0.354787,-0.804615,-0.651149,-0.100241,0.165915,-0.525471,-0.257711,-0.539966,-0.598021,0.029722,-0.341908,-0.560077,-0.301489,-0.886527,-0.937846,-0.395451,0.00856,1.378183,0.460856,0.936576,1.25264,1.095063,1.376957,0.582379,0.636692,44.41,26.1
-0.188648,0.114571,-0.355735,-0.357522,1.556737,-0.315409,-0.226563,-0.966326,-0.012959,0.308683,-0.686661,-0.300032,-1.574348,-0.423867,-1.415257,-0.061581,0.495549,-0.51425,-0.138768,-0.608607,0.098906,-0.152828,-0.623747,-0.904584,-0.16613,-0.590807,-0.23189,-0.397148,0.38962,1.62889,-0.095485,0.675407,1.04773,1.337488,-0.577612,0.676151,0.524033,-0.15468,0.198849,-0.610573,-1.224655,-0.945943,-1.191827,-0.957413,-1.008467,-0.563573,0.060768,-0.928108,-0.412637,0.545258,0.002502,-0.818841,0.413709,-0.275313,-0.164765,0.014378,-0.507933,-1.305181,-0.864804,-1.087842,-0.347709,-0.734596,0.019989,1.142207,-0.530663,-0.046593,0.484809,0.614576,44.41,26.1
-0.362523,0.092226,-0.511917,0.137678,0.090534,0.586497,0.226988,0.400583,1.104687,-0.969183,-0.567788,-0.224945,0.363139,1.126844,-1.402581,-2.531357,-0.552089,-0.319483,-0.011437,-0.710657,0.237316,0.195727,1.060302,-0.197489,-0.259883,0.491522,1.986246,0.469909,2.117967,2.92713,3.398337,1.705238,2.647531,0.671176,-0.315836,0.67448,0.294216,0.066705,0.908476,1.565386,-0.835416,-0.589792,-0.175539,0.432749,-0.265631,0.180298,0.734853,1.433436,0.412159,1.176886,-0.186383,-0.470538,0.176005,-0.356745,0.161142,0.000596,0.890538,-1.11498,-0.743415,-0.247542,1.239535,-0.219145,1.822037,0.914383,2.908218,0.825123,0.966082,0.284445,44.41,26.1
0.732153,0.744112,0.567454,-0.018775,0.584802,-1.71528,1.657293,-0.073149,0.783554,0.569386,0.25704,0.27147,0.30233,0.70691,0.255524,0.930615,0.183893,1.088227,1.199565,0.726692,0.202373,1.143107,0.380104,2.801954,-0.543494,0.937811,0.545713,0.280371,0.624233,-0.058874,0.417665,-0.014488,-0.055717,-0.519056,0.00364,0.812233,0.26429,0.449506,0.902793,-0.973633,0.368366,-0.85099,-0.536671,-0.518135,-0.886745,-0.262591,-1.11691,-0.689618,-0.659233,-0.638944,-0.896703,-0.445018,-0.11481,0.167807,0.149071,-0.117337,-0.853275,1.979461,-0.681908,-0.254682,-0.327161,-0.547229,-0.516127,-0.197659,-0.366526,-0.472495,-0.527366,-0.429761,36.7,3.21
0.56367,0.437996,2.021175,1.170578,-0.560945,-1.086076,0.466353,0.667055,1.126942,0.613098,1.138943,0.074505,0.380977,-0.117629,0.188689,0.916329,0.028482,2.415728,2.731762,2.329782,2.075664,3.547071,1.783655,1.986134,1.16246,0.306774,1.180921,0.134215,-0.330921,-0.185246,-0.167952,-0.684485,0.000774,0.250201,0.572831,0.343971,1.202353,-0.416139,1.05017,-0.424302,-0.345164,-0.397017,-0.727971,-0.442333,-0.773018,-0.804444,-0.43213,-0.656508,-0.6854,-0.71194,-0.921433,0.946141,0.702772,-0.72288,-0.780365,0.423329,0.268166,1.022018,-0.009688,-0.744069,0.393803,-0.546477,-0.276288,-1.13822,-0.518748,-1.056659,-0.602913,-0.163676,36.7,3.21
-0.98164,0.444809,-0.303359,4.54293,-1.1816,2.848345,0.616573,-0.995275,0.250624,-0.732346,-1.214839,-0.618964,-0.659646,0.64936,0.556033,-0.345549,-0.862884,-1.151416,-0.452959,-0.897163,5.34026,-0.242,0.178178,0.449371,-0.91348,-0.529288,-0.673615,-1.290864,-1.018886,-1.542358,-0.817731,-0.742084,-1.182064,-1.368389,-0.883264,2.142736,1.799218,2.667003,1.790537,3.60126,0.43868,-0.486409,-0.104319,0.162113,0.113426,-0.331067,-0.408012,-0.165014,0.084442,-0.129922,-0.27366,-0.850697,0.608414,-0.182807,-0.949018,-0.462275,1.591046,0.821635,-0.39046,-0.178741,0.389687,-0.590746,-0.103605,-1.017445,0.373013,0.083369,-0.449183,0.130831,9.03,38.74
4.701566,4.302355,3.354509,2.352447,0.131287,-1.464572,0.302351,-0.577926,0.568539,-0.95585,0.514416,-0.125673,0.21222,-0.092346,0.432368,0.469969,0.869984,8.617715,8.610597,2.059031,2.308024,0.870001,1.25851,0.782324,1.523358,0.344957,1.399781,1.148786,0.294403,1.069337,0.547124,0.425156,-0.005761,-0.192583,1.046616,0.280869,-0.314879,-0.863113,-0.67569,-0.942391,-0.634698,-0.582404,-0.799312,-0.742631,-0.627745,-1.297572,-0.887335,-0.678264,-1.032605,-0.410328,-1.209104,1.139271,0.125719,-2.525,-0.731077,-0.986265,-0.291618,-1.239534,-0.019885,-1.060059,-0.214165,-0.552548,-0.762512,-0.154881,-0.870775,-0.75089,-0.190656,-0.904284,39.91,32.83
-0.512168,-0.87045,-0.985644,-0.65659,0.326136,0.422961,0.940682,-0.036177,0.560791,-0.498851,-0.016128,0.909182,-0.188163,-1.648931,-0.185596,-0.211022,-1.410282,-0.272648,-0.784297,-0.914925,-0.656094,-1.172005,-0.731091,-1.370757,-1.179172,-1.43367,-1.398513,-1.272704,-1.305896,-1.058363,-0.921881,-1.084323,-0.927875,-0.751103,-0.401345,-0.931132,-1.43699,0.364595,-1.524316,-1.502722,-1.172131,-0.871099,-1.127707,-0.97176,-0.644249,-1.024491,-0.742017,-0.630837,-0.48391,-0.442328,-0.142182,0.53571,-0.452634,-1.176419,0.01093,-1.170628,-0.732713,-1.189871,-0.953384,-1.072045,-1.149386,-0.963975,-1.399127,-0.858703,-0.909115,-0.918081,-0.709339,-0.751254,39.91,32.83
1.211226,0.263976,0.935591,0.746263,1.041137,-1.294486,0.535344,0.503073,0.570819,-0.044764,0.301857,0.250023,0.342459,0.168098,-0.135496,-0.36854,-0.316061,2.515304,2.036664,1.734678,0.325963,-0.227353,-0.383363,0.725585,-0.231733,-0.115788,0.142982,-0.160536,0.459565,-0.185416,0.160129,0.025296,0.026053,-0.00524,0.188442,-0.625477,-0.499514,-0.252762,-1.384926,-1.108068,-0.857073,-1.071837,-1.131187,-1.175724,-1.117102,-1.036498,-1.254827,-0.729242,-0.729963,-0.904506,-0.529489,0.477219,-0.621518,-0.476343,-0.220088,-1.294052,-0.677347,-0.460497,-0.740464,-0.576699,-1.145627,-0.743362,-1.149477,-1.041917,-0.955884,-0.681758,-0.572167,-0.954443,39.91,32.83
-0.757822,-1.005112,-1.042816,-0.558171,-0.160917,0.577645,0.813478,0.179122,0.307675,0.663167,-0.260001,-0.597351,-0.446095,-2.592839,-0.927639,0.145925,-0.200973,-0.813101,-1.134473,-0.946314,-0.890901,-1.514713,-0.673741,-0.654709,-0.592603,-0.750385,-0.210632,-0.255845,-0.141366,0.021273,-0.267291,-0.649998,-0.289884,-0.251875,-0.631987,-1.118142,-1.624806,0.249418,-1.342926,-0.903173,-0.604978,-0.765236,-0.602239,-0.17381,0.03241,-0.42112,-0.431122,0.135035,0.115706,0.917834,1.791298,-0.662143,-1.334515,-1.65167,0.032724,-1.628429,-0.860824,-0.563752,-0.737586,-0.810305,-0.673517,-0.555243,0.051394,-0.352172,-0.664337,-0.864131,0.106911,-0.604655,39.91,32.83
0.661132,-0.162882,0.154434,0.263772,0.550972,-0.149746,1.229439,-0.342453,0.30488,-0.574486,-0.385696,1.134003,0.387055,-1.512288,-0.268065,-0.468032,-0.972561,1.806699,1.044039,1.081279,0.211075,-1.261848,-0.442726,-0.837129,-1.140854,-1.120499,-1.061304,-0.981947,-0.948496,-0.644814,-1.194746,-0.397413,-0.24059,-0.498697,0.021912,-0.867946,-0.680413,-0.19055,-1.742318,-0.957656,-1.160203,-1.143314,-1.145856,-0.951535,-0.468038,-0.042259,-0.446351,-0.22666,-0.032246,0.388626,0.825984,0.006597,-0.997312,-0.253166,-0.446412,-1.703676,-0.94294,-0.852697,-0.905688,-0.852276,-1.065255,-0.892199,-0.879787,-0.795594,-1.21987,-0.577447,0.118789,0.177522,39.91,32.83
0.011607,0.443591,0.402823,-1.048004,-0.195513,-0.889745,-2.263715,0.495972,-1.193488,1.261249,-0.249052,-1.14192,1.010391,-2.865793,-2.062962,-4.171775,-2.897239,-0.39555,-0.209467,-0.390545,-0.317955,0.450624,-0.35997,1.230979,-0.058956,-0.369374,-1.132693,-1.356505,-1.730221,-0.776176,-0.644497,-0.596274,0.131791,1.760125,-0.138207,0.286022,1.984193,-0.869839,1.515135,-0.11052,3.13784,2.24869,1.506892,2.061452,1.361701,0.215659,1.172229,0.846154,1.434208,3.889623,3.677863,-0.344229,0.175836,0.846483,0.127612,0.82174,0.09826,4.952606,2.440297,0.862551,0.794114,0.755187,0.316405,2.502158,1.065644,1.172594,2.033766,4.137335,19.75,96.1
-1.188315,-0.765504,-0.941674,3.129064,-1.019739,1.727933,1.466804,1.438862,1.863335,0.959939,0.097627,-0.257614,-0.996617,-1.437202,-0.518768,-0.499848,-1.026842,-1.185461,-0.606614,-0.901477,3.789064,1.316156,0.424048,-0.310453,-0.860987,-0.811632,-0.392585,1.407007,0.612535,0.384835,-0.811696,0.295047,1.685942,2.087085,-0.93832,0.30748,-0.072646,2.064499,0.873953,0.37679,-0.584322,-0.463954,-0.637264,0.13936,0.832292,0.012614,0.492218,0.083399,-0.158604,1.012654,1.050061,-0.91834,0.549596,-0.01537,-0.525877,0.432236,0.75631,-0.222544,-0.224844,-0.473874,-0.176845,1.893579,1.184829,0.840667,0.291604,0.885226,2.236578,2.401949,19.75,96.1
-1.121049,-0.723282,-0.244419,1.574136,-2.27506,1.522599,1.293187,0.988877,1.159074,0.061926,0.183226,0.109945,0.073686,-0.460528,-0.880365,-0.474887,-0.468017,-0.994652,-0.378577,-0.11275,2.113734,2.610777,1.773031,2.188987,1.353745,2.050468,3.397827,3.009826,1.955862,1.65339,2.07565,1.247536,2.393946,1.884591,-0.782248,0.26462,1.569493,0.50163,1.168436,0.581308,1.031087,1.029384,0.743679,0.65589,0.48858,0.166528,0.633172,0.829994,0.374161,0.75396,1.241402,-0.832863,0.469589,1.600277,-0.344147,0.534094,1.832503,0.656442,1.656617,2.299385,2.448514,2.138181,1.053641,1.588518,1.931118,0.799259,2.024066,0.902478,19.75,96.1
0.089049,-0.114276,-0.486493,-0.273506,1.29057,-0.579015,-0.16506,-1.48042,-0.185079,-0.05148,-0.095397,-0.408814,-1.861157,-0.526082,-0.676057,1.660922,1.234429,-0.025382,-0.049353,-0.38073,0.023311,-0.708225,-0.692139,0.327836,-0.077416,0.011763,1.000797,0.891831,1.058413,2.243298,0.953911,1.601799,1.480374,2.658183,-0.420298,-0.422699,-0.924282,-1.054514,-0.915009,-0.43313,1.224327,0.087576,-0.468458,1.002141,-0.132119,0.978274,2.565113,2.011917,0.440358,0.451403,1.973239,-0.661263,0.007234,-0.534602,-0.092006,-0.116391,-0.359977,0.285149,-0.31947,0.038249,0.55555,0.914418,0.477933,2.918729,0.684689,1.524878,1.101077,2.862979,13.75,100.48
1.048012,0.791073,0.196031,-1.033884,-1.442366,-1.876785,-0.671078,-0.184037,-1.674234,-0.224743,-2.784083,0.454322,-1.838576,-0.494878,2.095093,1.11929,2.374092,-0.031777,-0.508987,-0.673001,-1.291175,-0.58962,-1.307369,-0.750319,-0.621646,-0.253173,-1.095932,-0.016424,0.073161,1.294843,1.338309,0.895146,0.972983,1.236466,-0.028336,-0.985316,-0.434628,0.408031,0.158086,-0.30856,-0.161025,0.47569,1.265207,1.425839,3.345025,0.957058,5.509376,5.691365,5.080732,3.147418,6.911638,-0.126987,-1.035394,-0.561259,0.01093,-0.563485,-0.402673,1.183636,-0.153936,1.630481,0.714168,1.950849,1.100739,3.602113,4.318569,2.287255,2.847425,2.716286,13.75,100.48
0.044528,-0.000807,-0.38279,-1.267999,-0.186318,-0.054285,-1.690234,-0.307383,-0.633677,-0.583574,-1.300158,2.097039,1.011624,-0.25144,-1.830248,-0.651683,-0.665875,-0.176726,-0.585362,-0.764343,-1.133322,-0.806747,-1.270628,-1.246698,-2.006868,-2.372394,-1.916016,-2.431875,-2.744188,-3.068453,-1.641733,-1.787717,-1.057546,0.000618,0.060739,-0.863388,-0.282806,0.39486,0.499368,-0.142012,1.162811,-0.27994,0.249229,1.13491,-0.05605,-0.577755,-1.033146,0.256391,1.204279,3.946738,4.32701,0.6822,-0.103001,-0.374164,0.034736,-0.539835,0.43289,0.436566,0.034002,0.619079,0.97015,0.37307,0.179282,0.205822,1.503578,1.233779,2.353134,3.286288,13.75,100.48
0.207894,1.168502,0.041949,-0.654613,0.3476,-0.907685,-0.335696,-0.631203,0.44203,0.677759,0.590085,-0.330312,0.514714,-0.96302,-0.907248,0.434189,1.676581,0.024741,0.307766,-0.56102,0.307472,0.37163,1.009986,0.376288,0.365953,-0.174202,0.804221,-0.475945,1.309983,0.859921,0.943942,0.942196,2.633986,2.312674,-0.166416,1.496437,1.188409,1.880384,2.209834,0.755655,0.275461,0.069584,0.561865,0.473314,0.187792,0.775871,-0.146172,1.162711,1.509573,2.11681,2.623182,-0.384474,0.003844,-0.553981,-0.131235,0.509816,0.698154,0.834455,0.792763,0.482807,1.480464,0.740717,1.84213,1.097597,0.90404,1.730779,3.13852,1.865192,13.75,100.48
0.611704,1.62116,0.183613,-1.364017,0.539343,-2.343884,-2.063948,-2.220285,-0.031481,-1.377739,-0.166438,-2.711357,-1.892257,-1.976471,-1.569029,0.127473,-0.844441,-0.490437,-0.286204,-0.612271,-0.388112,-0.139589,-0.938125,-0.700794,-0.72158,-0.920595,-0.508384,0.424402,-0.263757,0.28283,1.197061,1.100394,2.108743,1.340673,-0.154836,1.098325,0.875902,1.458071,1.525674,-0.386058,0.06836,0.194786,0.295989,1.182065,0.618124,1.217281,1.137032,1.566705,3.836975,7.124747,3.123954,-0.67769,0.199623,-0.514664,0.342871,0.758032,-0.763356,0.691106,-0.046389,0.188158,0.799234,1.926947,1.612049,2.036062,3.894729,3.143604,4.232226,3.252381,13.75,100.48
-0.687346,-0.359083,-0.164664,-1.084011,-2.164294,1.107123,1.352739,-0.406754,-0.762662,0.836213,0.273795,-0.160229,0.772186,0.698801,-0.048201,0.790471,0.493359,-0.426428,-0.365416,-0.060649,-0.469145,1.152667,0.059818,-0.564528,-0.578663,1.035116,1.801439,0.157113,-0.579314,-0.902828,-0.347603,0.713329,-0.286123,-0.272621,-0.516305,0.791878,1.36923,-0.481714,1.675926,1.736211,0.671542,-0.796834,0.587322,1.205683,-0.548809,-0.725317,-0.941806,-0.550371,0.636775,-0.710566,-0.21094,-0.18536,0.111876,1.743235,0.082012,1.514723,-0.240592,-0.305867,-0.83566,1.298935,1.958782,-0.098672,-0.273949,-0.402403,-0.665182,-0.097594,-0.42596,-0.358558,39.91,116.38
-0.295317,-0.643808,-0.797269,-0.352015,-2.640916,1.042835,0.644827,-0.746275,-0.104698,-0.702137,0.111991,-1.093032,-0.628045,1.127717,0.927652,0.076815,-0.842151,-0.240613,-0.728451,-0.575738,-0.910751,-0.540058,0.262041,-0.501815,-0.192674,0.16069,1.33391,0.725168,0.035036,0.451362,0.37053,-0.852097,-1.335251,0.075248,-0.331864,-0.958365,-1.020947,-0.290594,0.074535,0.132082,2.151916,-0.540467,0.432419,2.295794,0.697876,0.100389,1.579988,-0.163168,-0.628667,-0.593772,-0.285664,-0.201435,-1.312875,-0.614262,0.049153,-1.406165,0.803159,-0.399352,-0.917656,0.019258,1.361054,0.046945,0.032732,-0.047408,-0.104505,-0.815507,-0.803977,-0.443806,39.91,116.38
-0.426427,-0.727725,-0.770232,-0.462012,-2.702024,0.755206,0.648073,-0.565472,-0.302031,0.911326,0.360564,-0.598292,0.072722,-0.611172,-3.144013,-3.593317,-5.465138,0.032171,-0.517863,-0.33583,-0.811091,0.230378,-0.246611,0.274641,-0.023019,0.832343,-0.068227,-0.558492,0.175538,1.210047,0.204028,0.767471,1.343425,2.018525,-0.167177,-0.864803,-0.886002,0.037841,-0.870063,-0.597923,-0.19976,-0.375857,-0.295961,-0.661922,-0.385647,-0.649545,-0.540055,-0.561999,0.500136,0.456625,1.606945,0.146751,-0.984769,-0.196586,-0.087647,-1.085775,-0.694307,0.056249,-0.783336,0.076059,-1.045915,-0.203502,-0.583947,-0.499181,-0.471748,0.054414,0.463631,1.411949,39.91,116.38
-0.530431,-0.682081,-0.893232,-0.841424,-0.975061,1.16122,0.926434,-2.001433,-2.825578,-2.474068,0.75371,-1.117848,-1.477936,-0.364483,-1.868434,1.134254,2.651407,-0.938134,-1.228718,-0.927061,-1.251202,-1.843745,-1.440499,-1.425637,-1.035598,-0.875929,-1.410665,-1.203301,-1.337595,-1.534933,-1.209604,-1.259786,-1.705496,-1.010877,-0.41577,-1.298613,-1.310322,0.266233,-1.382669,-0.338716,-0.784555,-0.633297,0.885471,0.174636,-0.634974,-0.38065,-0.534169,-1.01928,-0.344416,-1.117555,-0.930383,-0.675284,-1.614369,-0.765307,0.014953,-1.138679,0.193419,-0.002898,0.177991,0.481787,-0.554941,-0.364377,-0.873293,-1.012671,-1.136619,-0.687341,-0.894038,-1.049307,23.76,121
0.241875,0.060469,-0.457902,-0.46653,0.382004,-0.372972,-1.444396,-1.897188,-1.77836,-0.036436,-1.349277,-1.095666,0.818719,0.038433,0.806002,-0.895402,0.718586,-0.494213,-0.806998,-0.736251,-1.076354,-0.783865,-0.871889,0.60495,1.59056,0.459923,0.478454,0.388511,0.079106,0.824138,-0.189991,-0.198441,-0.230573,-0.288447,-0.495469,-1.187217,-0.790419,0.399344,-0.622597,-0.540714,1.104154,1.551896,0.407973,0.995346,0.645474,-0.347052,0.641555,0.060691,0.027844,-0.240697,-0.509558,-0.700628,-1.628325,-0.518335,-0.223441,-0.254581,-1.158915,1.341631,2.959748,1.018352,-0.25902,0.657269,-0.189283,-0.10858,-0.250632,-0.327864,-0.630608,-0.304111,23.76,121
0.388856,0.13866,-0.326726,-0.710529,0.182224,-0.464855,-1.314101,-0.565815,-1.725065,0.606808,-0.753904,0.087546,0.919128,0.142874,0.107721,-0.280471,0.992257,-0.432397,-0.757672,-0.744229,-1.009732,-0.975043,-0.947745,0.217311,0.581996,0.717631,0.497545,0.530278,0.089131,0.17262,-0.568242,-0.536814,-0.590291,-0.585555,-0.376542,-1.107215,-0.520669,-0.053235,0.165704,-0.094649,1.784209,2.287143,1.88491,1.835702,1.401397,0.792878,0.401529,0.030207,0.288674,-0.083229,0.06916,-0.329387,-1.53617,-0.567387,-0.129559,-0.399009,-0.537913,1.877085,0.417746,0.588075,0.192185,0.774068,0.0449,-0.05398,-0.513834,-0.003994,-0.82323,-0.568052,23.76,121
-0.549512,-0.725751,-0.846991,-0.780848,-0.324383,0.014011,0.751075,1.827381,1.232126,-1.734788,1.6022,-0.563612,0.177556,-0.573292,-0.846446,0.824629,-1.627914,-0.557918,-0.866226,-0.898979,-1.156708,-1.117771,-1.026804,-0.69123,-0.3382,-0.141031,-1.331931,-1.243582,-1.210944,-1.13812,-0.649116,-1.376548,-1.528063,-1.105792,-0.235136,-0.977219,-1.25342,0.237368,-0.921466,0.044606,0.206695,4.428505,2.422386,0.986374,-0.199563,0.380427,-0.258082,1.755899,0.612568,-0.195086,-0.248895,0.117711,-1.10444,-1.977835,0.031718,-1.45515,0.68678,0.837179,1.961999,1.822413,0.319725,0.498442,0.810293,0.579298,1.323457,0.175217,-0.370348,-0.042566,23.76,121
-0.440965,0.899178,-0.164254,-1.438996,-1.41376,0.353875,-1.727725,-3.426896,-2.413393,-0.913774,1.609195,0.960258,0.585809,1.619655,2.436395,1.993685,1.509015,-0.864137,-0.461291,-0.661034,-0.798175,0.987547,-0.196625,1.195019,2.475553,0.969919,2.575894,2.348981,1.128274,1.454722,3.325139,4.568166,2.214841,1.122778,-0.5246,1.81953,1.732371,1.876461,3.517129,1.305317,2.410573,2.511883,1.6136,3.679911,2.528891,1.18018,2.514761,3.096812,3.840044,2.088214,1.700572,-0.589103,0.326809,-0.019849,0.410265,0.777931,0.103273,2.986605,2.00398,2.178427,4.414944,3.731849,2.753253,2.470639,4.130556,4.660141,2.862798,2.123379,-6.17,106.82
-0.623653,0.587171,-0.133342,0.683427,0.360146,0.730315,-1.293924,-0.38741,-0.72164,-0.321837,-0.262343,-1.171393,-1.457752,-0.975308,0.039867,-0.326229,-1.967801,-0.815537,-0.378396,-0.579938,2.221008,0.648984,-0.382143,-0.088209,-0.352473,0.067317,0.079289,-0.046092,-0.282254,0.486439,1.055644,1.435167,-0.279705,4.026903,-0.499556,1.813415,1.684826,4.026422,2.573203,1.996438,0.821448,0.557898,0.262054,0.219318,0.162074,-0.054275,0.400102,1.517124,1.988296,1.840287,3.631156,-0.640964,0.382746,0.805331,0.75696,1.008284,1.109325,1.29844,0.63842,1.865524,2.624328,1.369886,1.323802,1.947723,1.883274,1.837725,1.452583,5.977184,-6.17,106.82
-0.126712,-0.271052,-0.314326,0.606189,-0.233665,-0.444623,0.006035,-1.759854,-1.13819,-1.068943,-1.187391,-0.5851,-0.672231,-0.38527,-1.062513,-0.001941,-0.24806,-0.343966,-0.587535,-0.191663,-0.005785,0.07822,-0.443767,0.243618,0.419962,0.034836,1.040829,2.155229,2.12118,3.123121,3.008555,3.491383,1.997248,0.938932,-0.729436,-1.004764,-0.079162,-0.830606,0.749637,-1.105256,-1.163991,0.635839,0.330522,0.626675,-0.161421,0.089051,0.475894,0.366835,0.182921,-0.092661,-0.278473,-0.822244,-1.521762,0.629216,-0.385724,-0.383325,-0.94844,0.00736,-0.866667,-0.664128,0.212308,0.897427,0.91142,0.793661,0.671177,1.10913,0.647307,0.011156,-6.17,106.82
0.756625,0.271676,0.095673,-0.062266,1.179028,-1.171003,-0.112877,0.144532,-0.418196,0.582397,-0.729052,0.555119,-0.047834,0.176338,1.139276,-0.269472,-0.226687,0.380962,0.351537,0.038902,-0.522035,-0.97024,-0.744051,-0.786814,-0.486461,-0.260256,0.097421,0.102852,0.059995,0.666267,0.395289,0.599914,0.787146,-0.068903,-0.382713,-0.621684,-1.158346,-1.274778,-1.429688,-1.357426,-1.091436,-0.852068,-1.00044,-0.860175,-0.762139,-0.404023,-0.232035,0.279026,0.685144,0.2978,0.19581,-0.670063,-0.36596,0.16762,0.093412,-0.414649,-0.367837,-1.441944,-1.105107,-0.960791,-0.626348,-0.509434,-0.724614,-0.232332,0.552857,0.126665,-0.38972,-0.496124,-6.17,106.82
0.826859,1.021104,0.109269,-0.166897,0.977581,-1.068751,-0.820668,-1.064933,-0.128866,-0.416481,-0.475445,-1.195918,0.744906,0.665276,0.572663,0.777585,-1.839521,0.004704,0.200358,-0.635776,-0.222237,1.718141,-0.418611,0.005181,1.324564,1.700522,0.132963,0.809725,1.304399,0.062034,0.871486,0.009473,0.557494,0.470668,0.610737,0.318068,0.494911,-0.549811,0.033268,1.494398,1.016587,0.705516,1.857871,-0.512099,0.549644,-0.808829,-0.695086,0.736809,0.079105,-0.365121,-0.684541,0.037983,0.228835,-0.610654,0.027694,1.091814,0.226285,-0.101354,1.054031,0.767457,-0.033673,0.090585,-0.044444,-0.85273,0.301754,-0.799513,-0.579942,0.182172,17.98,-76.8
-0.405287,-0.279707,-0.175161,-0.374748,1.01873,0.397132,0.265128,-0.358383,0.347957,-0.511641,0.056207,-0.18506,-0.573527,-0.153545,-0.460527,-0.104685,-0.199819,0.304955,0.301366,0.567397,-0.132774,0.508634,0.323337,0.720601,1.199844,0.852183,1.13316,2.084258,1.313677,0.682041,0.68671,0.051998,-0.103873,0.263753,-0.305939,0.403618,0.255241,-0.85975,0.195595,0.165493,0.580505,0.659107,-0.303993,-0.570059,0.379216,-0.637167,-0.6159,-0.138768,-0.827482,-0.504282,-0.335277,0.309081,0.502925,1.166147,0.217806,0.087591,0.542315,0.691794,0.3633,0.311679,0.259782,1.209711,-0.05621,-0.292481,0.347386,-0.152741,-0.559282,0.145774,17.98,-76.8
0.872532,0.701562,-0.091745,-0.622418,1.367135,-0.763224,-0.348296,-0.1216,0.506552,-0.778856,0.530058,-0.366418,-0.677054,0.699745,-0.023654,-0.293729,-0.838845,0.623782,0.455262,-0.492774,-0.642633,0.006461,-0.071787,0.483232,2.689783,1.204418,0.496789,0.658471,-0.13932,0.289049,0.796816,0.273587,-0.016764,-0.335073,0.361022,0.087546,-0.171287,-0.963437,-0.608126,0.917606,0.837713,1.261348,-0.060073,0.031871,-0.286043,-0.511689,-0.317427,-0.519822,-0.683716,-0.584306,-0.462633,0.40418,0.035316,-0.738992,1.064425,0.552349,0.028271,-0.468288,1.07807,0.486525,-0.494811,0.135956,-0.581031,-0.882576,-0.196907,-0.755391,-0.45881,-0.512865,17.98,-76.8
-0.61272,0.262166,3.112324,-0.998725,1.284028,-0.954539,0.008105,-0.411734,-0.018007,0.946492,0.269658,-0.438059,1.066,0.387315,0.430585,-0.070778,-0.250701,-0.476673,-0.160201,1.101099,-0.440729,-0.672226,-1.36063,-1.369736,-1.038761,-1.331299,-1.029621,-1.115841,-1.663357,-1.476415,-0.886141,-0.937786,-0.907633,-1.131472,0.016222,1.779841,3.289596,1.738586,1.6719,0.260311,0.173631,0.148128,-1.108524,1.428397,-0.639357,-0.308897,0.778062,-0.505379,-0.673242,-0.47173,-0.61642,-0.463029,0.320142,1.990705,0.186959,1.14653,-0.852551,-0.814467,0.219103,-0.539896,0.139913,0.126753,-0.487498,-0.54631,-0.239914,-0.330912,-0.17783,-0.137698,33.66,73.16
0.213103,0.20112,-0.339682,-0.132585,-0.498057,-0.302854,-0.555174,-0.754983,-0.573877,0.182066,0.074887,0.443778,-0.046359,1.944977,0.853337,2.548561,-1.610569,-0.237507,-0.13744,-0.626475,-0.601029,-0.200633,-0.140155,-0.846961,-0.699091,0.221446,0.380459,0.890194,0.429202,0.78883,0.037324,0.603471,-0.033966,0.394177,-0.408678,-0.183401,-0.343955,-1.158761,-0.387659,-0.328115,-1.159113,-0.695081,-0.292568,-1.015624,0.207913,-0.708328,-0.701261,-0.089031,0.219009,0.346014,-0.618313,-0.47488,0.039214,-0.589596,0.224512,1.096208,-0.840775,-1.391067,-0.957235,-0.437836,-0.807062,-0.358357,-0.608665,-0.552318,-0.850078,-0.272533,-0.640427,-0.326858,34.03,-6.85
1.33425,1.131973,0.129607,0.119039,1.576747,-1.320771,-0.316459,-0.412032,-0.554962,-0.774335,-0.914438,-0.385629,-0.509908,0.881474,1.875958,0.728871,-1.303948,0.250142,0.282468,-0.437292,-0.172067,-0.137186,-0.812546,-0.44216,0.437466,0.069487,-0.490003,0.085968,0.014445,0.718505,0.395952,0.873685,0.587567,1.213134,-0.324211,-0.333978,-0.856756,-1.369497,-1.009498,-1.016304,-1.112134,-0.854987,-1.193189,-0.812398,-0.450414,-0.753603,0.231997,-0.438523,0.490964,0.702127,0.542271,-0.463616,-0.167582,-0.923973,0.139012,-0.059682,-1.151338,-1.17664,-0.559742,-0.769423,-0.995106,-0.815401,-0.875318,-0.367765,-0.569248,-0.032464,-0.17198,0.181447,34.03,-6.85
-0.964498,-1.086495,-1.092248,-0.760656,0.43711,0.64725,-0.279039,0.636676,-0.246331,1.338412,1.110219,1.109448,1.63922,1.682625,0.449858,0.095246,-0.237876,-0.856281,-1.084361,-1.016125,-0.252557,-0.964921,-0.139676,-0.55947,-0.64347,-0.279697,0.014603,-0.495499,-0.553981,-0.713288,-0.380982,-0.676645,-0.45087,-0.213929,-0.589072,-1.210119,-1.793506,0.524609,-1.275882,-1.023818,0.08611,-0.329009,-0.689104,-0.47682,-0.443185,-0.723576,-0.513197,-0.580099,0.003511,-0.471786,-0.720371,-0.794495,-1.619115,-2.446492,-0.365606,-2.221377,-0.388803,-0.46434,-0.468853,-0.47931,-0.017139,-0.334175,-0.764642,-0.81848,0.028847,-0.345254,-0.937461,-0.263158,35.68,51.41
-0.451838,-0.601915,-0.863028,0.033046,-1.402219,1.194997,-0.349074,0.383695,-0.648629,-0.118318,-0.481417,0.551267,0.307157,-0.164355,1.702728,-0.288376,0.691398,-0.118747,-0.418183,-0.788436,-0.701913,-0.569648,0.336824,0.444911,2.648724,2.02449,0.616763,1.451143,1.24478,0.707856,0.03947,0.390669,-0.171054,0.002766,0.03826,-0.731552,-1.482898,-0.049592,-1.153308,-0.430964,-0.281984,1.274304,-0.051231,-0.430624,-0.227357,-0.416215,0.164178,-0.409671,-0.12833,-0.368107,-0.086697,0.964562,-0.364039,-1.524793,-0.226123,-1.750094,0.982143,0.344228,2.150993,1.685162,0.113599,1.304619,0.572095,-0.110747,-0.371332,-0.367244,-0.463001,-0.245077,33.66,73.16
-0.370912,-0.024139,-0.481253,0.401021,1.096636,0.576305,-1.145914,0.275642,-0.224446,-0.97225,0.271652,-1.740196,-0.398083,-0.965406,-0.480638,0.375292,-0.758955,-0.755974,-0.316995,-0.733543,1.338476,-0.818979,-0.714107,-1.116688,-0.659742,-0.910317,-1.009785,-0.232854,-0.443673,-0.365573,-0.493662,-0.326071,-0.105823,-0.554342,-0.55918,0.46437,0.029145,-0.053795,0.117845,-0.281951,-0.551799,-0.04687,-0.326356,-0.805693,-0.337056,-0.18487,-0.670886,-0.389338,-0.413879,0.450128,-0.782018,-0.680916,0.43727,-0.15727,-1.157236,0.666888,2.048309,-1.188428,-0.818702,-1.187982,-1.327463,-0.976118,-0.834853,-0.80021,-0.751457,-0.833481,-0.60666,-0.489141,39.91,32.83
1.538199,0.950482,0.086721,0.062558,-0.245025,-1.171182,0.431028,0.023007,0.782175,0.071879,0.260346,0.345426,-0.167366,0.621774,0.748248,-0.754216,0.099266,1.698657,1.685885,0.082983,-0.458812,1.368375,1.488385,1.70357,3.254556,1.371524,1.484495,1.64745,0.163721,0.10327,0.539864,0.58931,0.369394,0.334498,0.473218,-0.329647,-0.609566,-0.933172,0.000712,-0.634049,1.70886,0.948343,-0.758797,0.333265,-0.422745,-0.096069,-0.520397,0.106544,-0.436401,-0.297265,-0.028203,0.99237,0.307655,-0.875978,0.886383,0.030722,1.469279,1.792853,2.355433,0.066408,0.603586,0.182798,-0.529691,-0.648885,-0.358603,0.144269,-0.508957,0.580638,30.03,31.21
-0.068683,-0.022,1.884,-0.004514,0.347765,-1.418083,-0.260722,-0.318906,0.043488,0.596438,0.271394,0.264188,-0.281908,0.571109,0.870132,1.345449,1.041682,0.439489,0.563273,2.169962,-0.230531,1.835081,0.151239,-0.098784,0.098309,-0.922738,0.027973,0.022661,-0.10584,0.126176,0.311594,0.093257,0.126104,0.122299,-0.083031,0.428049,0.988023,-0.819397,0.502404,-0.830792,-0.821567,-0.502479,-1.189972,-0.844285,-1.082796,-0.724607,-0.392325,-0.612474,-0.198835,-0.411172,-0.828878,-0.627002,-0.047798,0.915038,0.130294,-0.531815,-1.191963,-1.050556,-1.013162,-1.175178,-1.291095,-1.135419,-0.967228,-1.047062,-0.60702,0.143101,-0.203466,-0.623555,36.7,3.21
0.110371,-0.0246,-0.43369,-0.105192,1.469503,-0.169321,-1.293755,1.162049,0.535614,-1.303874,-0.57761,-0.735488,-0.730376,0.201922,-0.330694,-0.136719,-0.218616,-0.380081,-0.062092,-0.6367,-0.442089,0.416121,0.125475,-0.005211,0.969258,1.169241,1.209569,0.470814,-0.485156,-0.008266,-0.267685,-0.301098,-0.068542,-0.323207,-0.551086,-0.546438,-1.021796,-1.258524,-1.146511,-0.942744,-0.552544,0.715179,0.708057,0.513585,0.592857,-0.760995,-0.734224,-0.496665,-0.482029,-0.54957,-0.652185,-0.857327,-0.007456,-0.394786,0.205736,-0.368523,-0.192882,-0.836359,1.122599,1.16269,1.865381,-0.021297,-0.431933,-0.438661,0.04936,-0.588713,-0.170632,-0.741433,14.66,-17.41
-0.460802,-0.677539,0.722629,0.468234,0.426997,-0.032538,-0.146006,0.231408,0.049328,-0.397954,0.336176,0.222715,0.262937,0.445748,0.19506,0.44337,-0.118874,0.068225,0.092046,2.076153,-0.058131,1.745605,0.869431,1.431748,0.21671,0.273522,1.125747,0.169816,0.154189,0.418354,-0.33995,0.400645,0.212783,-0.028522,-0.366364,-0.395154,0.197196,-1.168849,-0.510686,-0.495881,0.390836,-0.431504,-0.475444,-0.066181,-0.595846,-0.745023,-0.493225,-0.877335,-0.303716,-0.473359,-0.656534,-0.669946,0.07402,0.586913,-0.055123,-0.450671,0.297672,-0.050706,-0.780261,-0.417516,0.443268,-0.611464,-0.500974,-0.652109,-0.71648,0.160861,-0.340283,-0.549798,14.66,-17.41
-0.447749,-0.358885,-0.554684,-1.361475,-0.792107,0.549602,0.226684,-1.019272,-0.931221,-0.109303,1.040638,0.381631,-0.185425,-0.378458,0.031173,0.881805,-0.406717,-0.7483,-0.538028,-0.773508,-0.877169,0.110172,-1.017663,-0.639867,-0.312147,-0.430921,-0.34946,-0.192294,0.069803,-0.737192,-0.982862,-0.518535,-0.924509,-0.197779,-0.518389,-0.218929,0.529067,-0.880208,0.049896,0.449255,-0.879585,1.257506,0.151791,-0.751518,-0.313555,0.319546,-0.156388,-0.033635,-0.402072,0.021488,-0.36525,-0.808692,0.389921,-0.107316,0.447818,1.703152,-0.375855,-0.114508,0.258766,-0.336059,0.00955,0.012632,0.317907,0.269812,-0.528529,-0.312084,-0.589895,-0.328875,28.61,77.2
-0.237772,-0.337692,-0.703176,-0.412167,0.328508,-0.179243,0.260001,0.504469,0.48062,-0.466359,-2.2885,-0.210083,0.703132,1.676638,-1.398068,-2.729113,-1.435305,-0.422713,-0.409006,-0.801863,-0.88016,-1.259823,-0.070204,-0.740173,-0.44599,-0.319069,-0.504717,0.902537,0.18578,0.229849,0.688676,0.065398,0.395869,-0.034592,-0.733804,-1.109961,-1.487283,0.318636,-1.391204,-1.19059,-0.826791,-0.108572,0.672939,-0.079701,0.738251,1.141731,0.81082,1.258887,2.155981,2.124678,0.875602,-0.71154,-0.651973,-1.10774,-0.007512,-1.15468,-0.940523,-0.325589,-0.648633,-0.259849,-0.727557,0.101521,-0.098298,-0.329392,-0.034705,-0.284924,-0.341587,-0.606452,42.86,74.6
-0.463589,-0.609649,-0.789921,1.831549,0.554678,0.167744,0.555452,0.882322,0.041374,-0.181673,0.682574,-0.240319,0.259455,0.07978,-0.287926,0.258913,-1.439989,0.447407,0.240749,-0.385853,1.431066,0.039064,1.415291,-0.011064,0.10557,-0.597708,-0.322888,-0.034921,-0.65779,-0.766208,-0.430186,-0.503968,-0.9511,0.315113,-0.778522,-0.997715,-1.606477,-0.127497,-1.489428,-1.492994,-1.56983,-1.117319,-1.399797,-0.847673,0.415564,-0.476721,-1.262707,-0.578428,-0.672559,-1.0161,0.129715,-0.602069,-0.659488,-1.673661,-0.798806,-1.416329,-1.806094,-1.354433,-1.307001,-1.32816,-0.505714,2.382101,0.69019,-1.223634,-0.799885,-0.698165,-0.917571,0.648672,42.86,74.6
-1.059628,-1.059148,-1.123596,0.549143,-1.579158,2.354751,1.216905,0.326192,0.781814,-0.128104,-0.159343,-1.21429,-0.418213,0.926917,0.203224,-0.635772,-0.543131,-1.00257,-0.996576,-1.042401,-0.13998,-0.039848,1.470797,0.006663,-0.352888,-0.90643,-0.765979,-1.12822,-0.861065,-0.658969,-0.567264,-0.488585,-0.224631,-0.136813,-0.838586,-1.036329,-1.639322,-0.201479,-1.404793,-1.121438,-0.968283,-0.825423,-0.653475,-0.030662,-0.171612,-0.685051,-0.58093,-0.095773,-0.482893,-0.158385,-0.206843,-0.490661,-0.430768,-1.336671,-0.354541,-1.702457,-0.340799,-0.579507,-0.755683,-0.992198,-0.760403,-1.123643,-1.244599,-0.769959,-0.255376,-0.195339,-0.078646,-0.116685,42.86,74.6
